date,daypart,total_sales,total_customers,slip_count,avg_unit_price,avg_customers_per_slip,alcohol_ratio,topping_ratio,soft_drink_ratio,unique_products,items_per_slip,peak_concentration,weekday,weekday_name,is_weekend,sales_category
2025-10-01,Dinner,132890,81,69,1640.6172839506173,1.173913043478261,0.04793438181955,0.0030100082775227632,0.0,41,1.8405797101449275,0.29001429753931823,2,Wednesday,0,Low
2025-10-02,Dinner,131820,84,67,1569.2857142857142,1.2537313432835822,0.018358367470793505,0.006068881808526779,0.0,43,1.9104477611940298,0.23350022758306782,3,Thursday,0,Low
2025-10-03,Dinner,163060,100,85,1630.6,1.1764705882352942,0.04378756286029682,0.005519440696676071,0.0,40,1.8941176470588235,0.21538084140807065,4,Friday,0,Middle
2025-10-04,Dinner,197510,119,87,1659.7478991596638,1.367816091954023,0.047238114525846794,0.004556731304744064,0.0,44,2.1954022988505746,0.16773834236241203,5,Saturday,1,High
2025-10-05,Dinner,210700,122,98,1727.049180327869,1.2448979591836735,0.06763170384432843,0.0014238253440911248,0.0011865211200759373,41,2.0,0.20237304224015187,6,Sunday,1,High
2025-10-06,Dinner,98990,62,53,1596.6129032258063,1.169811320754717,0.04697444186281442,0.0010102030508132135,0.0,35,1.830188679245283,0.24214567127992725,0,Monday,0,Low
2025-10-07,Dinner,118280,79,66,1497.2151898734178,1.196969696969697,0.026124450456543793,0.004227257355427798,0.0,37,1.7424242424242424,0.29244166384849507,1,Tuesday,0,Low
2025-10-08,Dinner,165390,98,73,1687.6530612244899,1.3424657534246576,0.0712255880041115,0.0036277888626881916,0.0015115786927867466,50,2.356164383561644,0.2865953201523671,2,Wednesday,0,Middle
2025-10-09,Dinner,178570,114,93,1566.4035087719299,1.2258064516129032,0.04340034720277762,0.008400067200537605,0.0,44,1.903225806451613,0.2564260514084113,3,Thursday,0,Middle
2025-10-10,Dinner,210230,125,103,1681.84,1.2135922330097086,0.04380916139466299,0.004281025543452409,0.0011891737620701136,53,1.9902912621359223,0.15188127289159492,4,Friday,0,High
2025-10-11,Dinner,186750,110,83,1697.7272727272727,1.3253012048192772,0.0664524765729585,0.005890227576974565,0.0,49,2.3493975903614457,0.271004016064257,5,Saturday,1,Middle
2025-10-12,Dinner,217200,128,87,1696.875,1.471264367816092,0.04659300184162063,0.004604051565377533,0.0,47,2.4367816091954024,0.2965009208103131,6,Sunday,1,High
2025-10-13,Dinner,193530,117,94,1654.1025641025642,1.2446808510638299,0.04784787888182711,0.008784167829277115,0.0,51,2.148936170212766,0.24099622797499096,0,Monday,0,Middle
2025-10-14,Dinner,74690,49,40,1524.2857142857142,1.225,0.04190654706118624,0.0013388673182487616,0.0,37,1.8,0.2009639844691391,1,Tuesday,0,Low
2025-10-15,Dinner,93450,60,48,1557.5,1.25,0.02557517388978063,0.006420545746388443,0.005350454788657036,37,2.0,0.3258426966292135,2,Wednesday,0,Low
2025-10-16,Dinner,124940,75,58,1665.8666666666666,1.293103448275862,0.03785817192252281,0.008804226028493676,0.0,32,2.103448275862069,0.32167440371378264,3,Thursday,0,Low
2025-10-17,Dinner,174380,113,90,1543.1858407079646,1.2555555555555555,0.03888060557403372,0.0051611423328363345,0.0,45,1.8555555555555556,0.22290400275260924,4,Friday,0,Middle
2025-10-18,Dinner,184610,111,82,1663.1531531531532,1.353658536585366,0.06001841720383511,0.004875142191647256,0.0,47,2.3658536585365852,0.18352201939223228,5,Saturday,1,Middle
2025-10-19,Dinner,278890,175,134,1593.6571428571428,1.3059701492537314,0.06938219369643946,0.003944207393596041,0.0,53,2.1044776119402986,0.22453296998816738,6,Sunday,1,High
2025-10-20,Dinner,139360,86,69,1620.4651162790697,1.2463768115942029,0.042766934557979336,0.0014351320321469576,0.001793915040183697,41,1.8985507246376812,0.17723880597014927,0,Monday,0,Middle
2025-10-21,Dinner,125310,77,58,1627.4025974025974,1.3275862068965518,0.08881972707684942,0.003192083632591174,0.003990104540738967,49,2.5172413793103448,0.2129119782938313,1,Tuesday,0,Low
2025-10-22,Dinner,100180,63,53,1590.1587301587301,1.1886792452830188,0.05789578758235177,0.005989219405070872,0.0,37,1.8113207547169812,0.14024755440207626,2,Wednesday,0,Low
2025-10-23,Dinner,161890,100,73,1618.9,1.36986301369863,0.06714435727963432,0.004941627030699858,0.0,44,2.219178082191781,0.09772067453208969,3,Thursday,0,Middle
2025-10-24,Dinner,178040,99,82,1798.3838383838383,1.2073170731707317,0.11722084924736015,0.007020894181082903,0.0014041788362165806,56,2.6341463414634148,0.2482026510896428,4,Friday,0,Middle
2025-10-25,Dinner,189830,119,94,1595.2100840336134,1.2659574468085106,0.025654533003213402,0.006321445503871885,0.0,48,2.0319148936170213,0.2435336880366644,5,Saturday,1,Middle
2025-10-26,Dinner,170180,106,91,1605.4716981132076,1.164835164835165,0.033023857092490304,0.005288518039722647,0.0014690327888118462,44,1.8021978021978022,0.2918674344811376,6,Sunday,1,Middle
2025-10-27,Dinner,134970,83,65,1626.144578313253,1.2769230769230768,0.07616507372008595,0.003704526931910795,0.0,45,2.1384615384615384,0.26628139586574795,0,Monday,0,Middle
2025-10-28,Dinner,154620,96,81,1610.625,1.1851851851851851,0.04546630448842323,0.010994696675721123,0.0,48,2.074074074074074,0.21976458414176692,1,Tuesday,0,Middle
2025-10-29,Dinner,232820,162,131,1437.1604938271605,1.2366412213740459,0.03032385533888841,0.005583712739455373,0.0,45,1.7786259541984732,0.2644102740314406,2,Wednesday,0,High
2025-10-30,Dinner,167320,101,84,1656.6336633663366,1.2023809523809523,0.04195553430552235,0.008367200573750896,0.0014941429595983745,50,2.261904761904762,0.2144393975615587,3,Thursday,0,Middle
2025-10-31,Dinner,154000,104,80,1480.7692307692307,1.3,0.026623376623376622,0.003246753246753247,0.0,47,2.0875,0.275974025974026,4,Friday,0,Middle
2025-11-01,Dinner,239110,141,104,1695.8156028368794,1.3557692307692308,0.045878465978001756,0.00439128434611685,0.0,50,2.355769230769231,0.26991761114131574,5,Saturday,1,High
2025-11-02,Dinner,232590,140,104,1661.357142857143,1.3461538461538463,0.039167634034137325,0.0042994109806956445,0.0010748527451739111,47,2.0288461538461537,0.2559869297906187,6,Sunday,1,High
2025-11-03,Dinner,204020,123,93,1658.69918699187,1.3225806451612903,0.03646701303793746,0.004166258209979414,0.0,45,2.118279569892473,0.21365552396823842,0,Monday,0,High
2025-11-04,Dinner,135300,82,63,1650.0,1.3015873015873016,0.023059866962305987,0.005173688100517369,0.0,40,2.0793650793650795,0.2746489283074649,1,Tuesday,0,Middle
2025-11-05,Dinner,114380,70,58,1634.0,1.206896551724138,0.04214023430669697,0.003934254240251792,0.0,48,2.0,0.18080083930757126,2,Wednesday,0,Low
2025-11-06,Dinner,122690,75,67,1635.8666666666666,1.1194029850746268,0.06707963159181678,0.006520498818159589,0.0,51,1.9701492537313432,0.22088189746515607,3,Thursday,0,Low
2025-11-07,Dinner,160190,98,84,1634.591836734694,1.1666666666666667,0.05505961670516262,0.002497034771209189,0.0,36,1.7380952380952381,0.10525001560646732,4,Friday,0,Middle
2025-11-08,Dinner,192100,113,87,1700.0,1.2988505747126438,0.03545028630921395,0.004685059864653826,0.0013014055179593961,46,2.1494252873563218,0.22795419052576782,5,Saturday,1,Middle
2025-11-09,Dinner,232690,149,126,1561.6778523489934,1.1825396825396826,0.030942455627659116,0.0034380506252954576,0.0,43,1.753968253968254,0.2502471098886931,6,Sunday,1,High
2025-11-10,Dinner,125130,75,62,1668.4,1.2096774193548387,0.06305442339966436,0.002397506593143131,0.0,41,2.0,0.3341325021977144,0,Monday,0,Low
2025-11-11,Dinner,119900,74,60,1620.2702702702702,1.2333333333333334,0.021267723102585488,0.003336113427856547,0.0,41,2.033333333333333,0.22910758965804837,1,Tuesday,0,Low
2025-11-12,Dinner,139080,84,64,1655.7142857142858,1.3125,0.05356629278113316,0.0028760425654299686,0.0,45,2.0625,0.19744032211676732,2,Wednesday,0,Middle
2025-11-13,Dinner,134040,81,67,1654.8148148148148,1.208955223880597,0.03745150701283199,0.0037302297821545805,0.0,44,2.029850746268657,0.22806624888093108,3,Thursday,0,Middle
2025-11-14,Dinner,139540,90,72,1550.4444444444443,1.25,0.0481582341980794,0.005016482728966604,0.0,46,1.9166666666666667,0.2139888204099183,4,Friday,0,Middle
2025-11-15,Dinner,187820,118,85,1591.6949152542372,1.388235294117647,0.03865403045469066,0.0026621233095516983,0.0013310616547758491,47,2.164705882352941,0.2612607815994037,5,Saturday,1,Middle
2025-11-16,Dinner,180530,115,91,1569.8260869565217,1.2637362637362637,0.03722373012795657,0.006093170110230987,0.0013848113886888605,50,2.043956043956044,0.2537528388633468,6,Sunday,1,Middle
2025-11-17,Dinner,131160,83,69,1580.2409638554218,1.2028985507246377,0.03110704483074108,0.003812137846904544,0.0,38,1.826086956521739,0.2316254955779201,0,Monday,0,Low
2025-11-18,Dinner,98050,62,50,1581.4516129032259,1.24,0.049872514023457416,0.006119326874043855,0.0,39,1.94,0.20805711371749108,1,Tuesday,0,Low
2025-11-19,Dinner,161600,101,81,1600.0,1.2469135802469136,0.060767326732673266,0.005569306930693069,0.0,45,2.074074074074074,0.20544554455445543,2,Wednesday,0,Middle
2025-11-20,Dinner,145340,87,74,1670.5747126436781,1.1756756756756757,0.04437869822485207,0.004816292830604101,0.0,45,1.9594594594594594,0.12887023531030686,3,Thursday,0,Middle
2025-11-21,Dinner,169500,91,78,1862.6373626373627,1.1666666666666667,0.04123893805309734,0.0035398230088495575,0.0,40,1.8846153846153846,0.20235988200589972,4,Friday,0,Middle
2025-11-22,Dinner,251920,139,110,1812.3741007194244,1.2636363636363637,0.02564306128929819,0.003572562718323277,0.0001984757065735154,53,2.018181818181818,0.23654334709431565,5,Saturday,1,High
2025-11-23,Dinner,213510,123,91,1735.8536585365853,1.3516483516483517,0.03686010022949745,0.002575991756826378,0.0,47,2.010989010989011,0.19647791672521192,6,Sunday,1,High
2025-11-24,Dinner,194470,106,87,1834.622641509434,1.2183908045977012,0.016403558389468813,0.00719905383863835,0.0,49,2.0229885057471266,0.17735383349616907,0,Monday,0,Middle
2025-11-25,Dinner,128700,68,60,1892.6470588235295,1.1333333333333333,0.05742035742035742,0.004662004662004662,0.0,45,2.0166666666666666,0.2627039627039627,1,Tuesday,0,Low
2025-11-26,Dinner,130980,68,62,1926.1764705882354,1.096774193548387,0.05603908993739502,0.005344327378225684,0.0,47,2.032258064516129,0.24309054817529394,2,Wednesday,0,Low
2025-11-27,Dinner,182500,100,77,1825.0,1.2987012987012987,0.04997260273972603,0.007671232876712329,0.0,52,2.324675324675325,0.2522191780821918,3,Thursday,0,Middle
2025-11-28,Dinner,185220,100,84,1852.2,1.1904761904761905,0.03800885433538495,0.009178274484396934,0.0013497462477054314,58,2.119047619047619,0.2608789547565058,4,Friday,0,Middle
2025-11-29,Dinner,363200,202,145,1798.019801980198,1.393103448275862,0.02387114537444934,0.0024779735682819385,0.0006883259911894273,58,2.110344827586207,0.2112885462555066,5,Saturday,1,High
2025-11-30,Dinner,260840,152,111,1716.0526315789473,1.3693693693693694,0.022657567857690537,0.0049838981751265145,0.0,56,2.2162162162162162,0.23903542401472166,6,Sunday,1,High
2025-12-01,Dinner,193700,98,83,1976.530612244898,1.180722891566265,0.03309241094475994,0.008260196179659268,0.0,46,2.0602409638554215,0.26917914300464635,0,Monday,0,Middle
2025-12-02,Dinner,200570,114,96,1759.3859649122808,1.1875,0.029565737647704045,0.0034900533479583187,0.0,37,1.75,0.2846886373834571,1,Tuesday,0,High
2025-12-03,Dinner,109550,63,51,1738.888888888889,1.2352941176470589,0.06353263350068462,0.011866727521679598,0.0,47,2.0784313725490198,0.23057964399817435,2,Wednesday,0,Low
2025-12-04,Dinner,115420,63,53,1832.063492063492,1.1886792452830188,0.022872985617743893,0.009097210188875412,0.002166002425922717,47,2.0,0.23150233928261998,3,Thursday,0,Low
2025-12-05,Dinner,175010,97,78,1804.2268041237114,1.2435897435897436,0.031255356836752186,0.0017141877606993885,0.0,43,1.705128205128205,0.12999257185303698,4,Friday,0,Middle
2025-12-06,Dinner,209350,116,83,1804.7413793103449,1.3975903614457832,0.04389777883926439,0.002866013852400287,0.0,55,2.2048192771084336,0.2489133030809649,5,Saturday,1,High
2025-12-07,Dinner,177150,94,67,1884.5744680851064,1.4029850746268657,0.06615862263618402,0.005644933672029354,0.0,48,2.5074626865671643,0.1773638159751623,6,Sunday,1,Middle
2025-12-08,Dinner,114280,68,56,1680.5882352941176,1.2142857142857142,0.07542877143857193,0.002625131256562828,0.0,43,1.8928571428571428,0.2356492824641232,0,Monday,0,Low
2025-12-09,Dinner,177360,117,96,1515.8974358974358,1.21875,0.02610509697789806,0.0022552999548940008,0.0014095624718087505,35,1.7604166666666667,0.2745827695083446,1,Tuesday,0,Middle
2025-12-10,Dinner,192270,100,82,1922.7,1.2195121951219512,0.03505487075466791,0.004680917459822125,0.00026005096999011807,52,2.207317073170732,0.2832475165132366,2,Wednesday,0,Middle
2025-12-11,Dinner,174770,93,69,1879.247311827957,1.3478260869565217,0.0480631687360531,0.004005264061337758,0.0,55,2.36231884057971,0.19145162213194483,3,Thursday,0,Middle
2025-12-12,Dinner,185720,104,84,1785.7692307692307,1.2380952380952381,0.05400603058367435,0.002153779883695886,0.0,51,1.8452380952380953,0.19034029722162396,4,Friday,0,Middle
2025-12-13,Dinner,210640,117,80,1800.3418803418804,1.4625,0.03897645271553361,0.00047474363843524496,0.0,54,2.4125,0.19986707178123814,5,Saturday,1,High
2025-12-14,Dinner,199440,107,83,1863.9252336448599,1.2891566265060241,0.0315884476534296,0.004512635379061372,0.0,46,2.2771084337349397,0.259927797833935,6,Sunday,1,High
2025-12-15,Dinner,165920,92,76,1803.4782608695652,1.2105263157894737,0.04243008678881389,0.005424300867888139,0.0006027000964320154,48,1.9473684210526316,0.27440935390549664,0,Monday,0,Middle
2025-12-16,Dinner,125660,73,55,1721.3698630136987,1.3272727272727274,0.03772083399649849,0.0007957981855801369,0.0,37,1.7818181818181817,0.24454878242877606,1,Tuesday,0,Low
2025-12-17,Dinner,125090,70,63,1787.0,1.1111111111111112,0.03213686145974898,0.004796546486529699,0.00039971220721080823,38,1.6825396825396826,0.25141897833559834,2,Wednesday,0,Low
2025-12-18,Dinner,166580,89,68,1871.685393258427,1.3088235294117647,0.0371593228478809,0.0039020290551086564,0.0006003121623244087,49,2.1470588235294117,0.21689278424780886,3,Thursday,0,Middle
2025-12-19,Dinner,252330,154,124,1638.5064935064936,1.2419354838709677,0.04926088851900289,0.005944596361907027,0.0009907660603178377,59,2.0725806451612905,0.11377957436690049,4,Friday,0,High
2025-12-20,Dinner,191600,107,86,1790.6542056074766,1.244186046511628,0.048538622129436326,0.005219206680584551,0.00026096033402922753,55,2.127906976744186,0.29973903966597076,5,Saturday,1,Middle
2025-12-21,Dinner,220260,118,80,1866.6101694915253,1.475,0.05407245982021248,0.0036320711885952967,0.0,54,2.45,0.24389358031417416,6,Sunday,1,High
2025-12-22,Dinner,144710,84,60,1722.7380952380952,1.4,0.02570658558496303,0.004837260728353258,0.0017275931172690208,50,2.3333333333333335,0.33017759657245527,0,Monday,0,Middle
2025-12-23,Dinner,124350,68,58,1828.6764705882354,1.1724137931034482,0.04881383192601528,0.004020908725371934,0.0,43,1.8793103448275863,0.19493365500603135,1,Tuesday,0,Low
2025-12-24,Dinner,103200,56,45,1842.857142857143,1.2444444444444445,0.06114341085271318,0.003875968992248062,0.010077519379844961,39,2.066666666666667,0.2743217054263566,2,Wednesday,0,Low
2025-12-25,Dinner,139300,76,61,1832.8947368421052,1.2459016393442623,0.035678391959798994,0.0,0.00466618808327351,39,1.7049180327868851,0.2119167264895908,3,Thursday,0,Middle
2025-12-26,Dinner,217100,117,90,1855.5555555555557,1.3,0.06973744818056195,0.0032243205895900505,0.010778443113772455,58,2.3444444444444446,0.17052049746660525,4,Friday,0,High
2025-12-27,Dinner,203150,113,82,1797.787610619469,1.3780487804878048,0.037115431946837314,0.0019689884321929607,0.008023627861186315,56,2.1707317073170733,0.26527196652719665,5,Saturday,1,High
2025-12-28,Dinner,225020,129,94,1744.3410852713178,1.372340425531915,0.0544396053684117,0.0037774420051550975,0.010399075637721092,57,2.3617021276595747,0.1912274464492045,6,Sunday,1,High
2025-12-29,Dinner,258930,155,116,1670.516129032258,1.3362068965517242,0.03533773606766308,0.004827559572085119,0.008535125323446491,56,2.206896551724138,0.16989147646081953,0,Monday,0,High
2025-12-30,Dinner,229620,136,103,1688.3823529411766,1.3203883495145632,0.0474261823882937,0.0026130128037627383,0.00509537496733734,52,2.3009708737864076,0.2143977005487327,1,Tuesday,0,High
2025-07-01,Dinner,140490,83,67,1692.6506024096386,1.2388059701492538,0.057370631361662754,0.0064061499039077515,0.0,42,2.5074626865671643,0.24927041070538827,1,Tuesday,0,Middle
2025-07-02,Dinner,145260,101,72,1438.2178217821781,1.4027777777777777,0.019069255128734683,0.004130524576621231,0.0,39,2.2222222222222223,0.13782183670659506,2,Wednesday,0,Middle
2025-07-03,Dinner,140410,90,69,1560.111111111111,1.3043478260869565,0.017092799658144007,0.010682999786340004,0.0,40,2.3768115942028984,0.18075635638487286,3,Thursday,0,Middle
2025-07-04,Dinner,173880,108,91,1610.0,1.1868131868131868,0.06193926846100759,0.003450655624568668,0.0,45,2.120879120879121,0.2938233264320221,4,Friday,0,Middle
2025-07-05,Dinner,170770,103,86,1657.9611650485438,1.197674418604651,0.06523394038765591,0.0029279147391227966,0.0,37,2.1627906976744184,0.2980617204427007,5,Saturday,1,Middle
2025-07-06,Dinner,122550,76,63,1612.5,1.2063492063492063,0.01583027335781314,0.004079967360261118,0.0,37,2.142857142857143,0.2979192166462668,6,Sunday,1,Low
2025-07-07,Dinner,119190,74,61,1610.6756756756756,1.2131147540983607,0.04438291803003608,0.0058729759207987245,0.0,30,2.1639344262295084,0.32292977598791844,0,Monday,0,Low
2025-07-08,Dinner,141470,100,75,1414.7,1.3333333333333333,0.035767300487735916,0.007068636460026861,0.0,37,2.32,0.3098890224075776,1,Tuesday,0,Middle
2025-07-09,Dinner,190780,134,109,1423.7313432835822,1.2293577981651376,0.04020337561589265,0.0036691477094035014,0.0,40,1.944954128440367,0.19074326449313345,2,Wednesday,0,Middle
2025-07-10,Dinner,100000,61,50,1639.344262295082,1.22,0.0954,0.01,0.0,34,2.64,0.1309,3,Thursday,0,Low
2025-07-11,Dinner,184910,109,80,1696.4220183486239,1.3625,0.09404575198745335,0.00594883997620464,0.0,43,2.7125,0.276891460710616,4,Friday,0,Middle
2025-07-12,Dinner,202090,130,87,1554.5384615384614,1.4942528735632183,0.03582562224751348,0.006927606511950121,0.0,38,2.5977011494252875,0.2334108565490623,5,Saturday,1,High
2025-07-13,Dinner,170320,110,86,1548.3636363636363,1.2790697674418605,0.040864255519023014,0.004697040864255519,0.0,41,2.197674418604651,0.18060122123062472,6,Sunday,1,Middle
2025-07-14,Dinner,131510,86,63,1529.1860465116279,1.3650793650793651,0.034598129419815986,0.0022811953463614935,0.0,33,2.3333333333333335,0.11877423770055509,0,Monday,0,Low
2025-07-15,Dinner,103980,68,59,1529.1176470588234,1.152542372881356,0.02336987882285055,0.01154068090017311,0.0,38,2.0508474576271185,0.09126755145220235,1,Tuesday,0,Low
2025-07-16,Dinner,152030,102,79,1490.4901960784314,1.2911392405063291,0.04604354403736105,0.005262119318555548,0.0,45,2.1645569620253164,0.20916924291258304,2,Wednesday,0,Middle
2025-07-17,Dinner,153360,102,85,1503.5294117647059,1.2,0.019431403234220136,0.0019561815336463224,0.0,49,1.8470588235294119,0.15153886280646844,3,Thursday,0,Middle
2025-07-18,Dinner,183420,107,87,1714.2056074766356,1.2298850574712643,0.03914513139243267,0.005997164976556537,0.0,43,2.1379310344827585,0.2411950714207829,4,Friday,0,Middle
2025-07-19,Dinner,248000,169,125,1467.4556213017752,1.352,0.03407258064516129,0.0016129032258064516,0.0,47,2.064,0.19564516129032258,5,Saturday,1,High
2025-07-20,Dinner,175810,106,79,1658.5849056603774,1.3417721518987342,0.07343154541834936,0.005687958591661452,0.0,44,2.329113924050633,0.30100676867072407,6,Sunday,1,Middle
2025-07-21,Dinner,197610,127,92,1555.984251968504,1.3804347826086956,0.03719447396386823,0.006072567177774404,0.0,53,2.380434782608696,0.18845200141693233,0,Monday,0,High
2025-07-22,Dinner,147410,91,74,1619.89010989011,1.2297297297297298,0.039549555661081336,0.008818940370395496,0.0,43,2.189189189189189,0.2623295570178414,1,Tuesday,0,Middle
2025-07-23,Dinner,132870,84,67,1581.7857142857142,1.2537313432835822,0.049371566192519006,0.0037630766915029727,0.0,46,2.4328358208955225,0.2782418905697298,2,Wednesday,0,Low
2025-07-24,Dinner,168420,110,86,1531.090909090909,1.2790697674418605,0.02446265289158057,0.006828167676047975,0.0,50,2.2093023255813953,0.16571666072912955,3,Thursday,0,Middle
2025-07-25,Dinner,179730,115,95,1562.8695652173913,1.2105263157894737,0.04295331886718967,0.004451121126133645,0.004729316196516998,47,2.042105263157895,0.25165526066878097,4,Friday,0,Middle
2025-07-26,Dinner,233760,143,97,1634.6853146853148,1.4742268041237114,0.04295003422313484,0.004705681040383299,0.004919575633127994,41,2.515463917525773,0.20991615331964408,5,Saturday,1,High
2025-07-27,Dinner,234360,148,102,1583.5135135135135,1.4509803921568627,0.05069124423963134,0.004266939750810718,0.005547021676053934,55,2.6862745098039214,0.25563236047107013,6,Sunday,1,High
2025-07-28,Dinner,141320,82,57,1723.4146341463415,1.4385964912280702,0.033328615907161054,0.014859892442683272,0.005660911406736484,47,2.9649122807017543,0.22134163600339654,0,Monday,0,Middle
2025-07-29,Dinner,258570,166,137,1557.6506024096386,1.2116788321167884,0.06686777275012569,0.004254167150094752,0.006961364427427776,54,2.2554744525547443,0.2006419924971961,1,Tuesday,0,High
2025-07-30,Dinner,146050,95,77,1537.3684210526317,1.2337662337662338,0.04744950359465936,0.003423485107839781,0.009585758301951387,39,2.142857142857143,0.22149948647723383,2,Wednesday,0,Middle
2025-07-31,Dinner,158450,102,74,1553.4313725490197,1.3783783783783783,0.028589460397601768,0.0025244556642473968,0.0041022404544020195,43,2.554054054054054,0.24846954875355,3,Thursday,0,Middle
2025-08-01,Dinner,166340,100,80,1663.4,1.25,0.03294457135986534,0.007214139713839125,0.006913550559095828,40,2.4,0.2074666346038235,4,Friday,0,Middle
2025-08-02,Dinner,196930,121,92,1627.5206611570247,1.315217391304348,0.04570151830599706,0.004570151830599705,0.006347433098055147,43,2.4130434782608696,0.20636774488396892,5,Saturday,1,High
2025-08-03,Dinner,212350,127,96,1672.0472440944882,1.3229166666666667,0.06074876383329409,0.0056510477984459614,0.0056510477984459614,51,2.3854166666666665,0.22552389922298094,6,Sunday,1,High
2025-08-04,Dinner,127940,75,65,1705.8666666666666,1.1538461538461537,0.06878224167578552,0.005471314678755667,0.0027356573393778334,39,2.169230769230769,0.21814913240581524,0,Monday,0,Low
2025-08-05,Dinner,136180,83,71,1640.7228915662652,1.1690140845070423,0.04780437656043472,0.005140255544132766,0.004773094433837568,45,1.9295774647887325,0.2520193861066236,1,Tuesday,0,Middle
2025-08-06,Dinner,114610,72,60,1591.8055555555557,1.2,0.034377453974347785,0.004362621062734491,0.007852717912922084,40,1.9666666666666666,0.13820783526742866,2,Wednesday,0,Low
2025-08-07,Dinner,135840,85,72,1598.1176470588234,1.1805555555555556,0.04674617196702002,0.00441696113074205,0.0036808009422850414,39,1.875,0.2505153121319199,3,Thursday,0,Middle
2025-08-08,Dinner,178740,110,85,1624.909090909091,1.2941176470588236,0.0473313192346425,0.0075528700906344415,0.00671366230278617,50,2.5176470588235293,0.22899183171086496,4,Friday,0,Middle
2025-08-09,Dinner,246980,160,119,1543.625,1.3445378151260505,0.050489918212000974,0.00323912867438659,0.00546602963802737,44,2.1596638655462184,0.22495748643614868,5,Saturday,1,High
2025-08-10,Dinner,181900,111,82,1638.7387387387387,1.353658536585366,0.04134139637163277,0.0038482682792743265,0.005222649807586586,48,2.292682926829268,0.1468938977460143,6,Sunday,1,Middle
2025-08-11,Dinner,167490,101,76,1658.3168316831684,1.3289473684210527,0.05307779568929488,0.004179353991283062,0.0,45,2.1842105263157894,0.22210281210818555,0,Monday,0,Middle
2025-08-12,Dinner,155060,96,80,1615.2083333333333,1.2,0.0563652779569199,0.007094028118147814,0.0016122791177608667,42,1.9875,0.08828840448858506,1,Tuesday,0,Middle
2025-08-13,Dinner,153380,94,72,1631.7021276595744,1.3055555555555556,0.050788890337723304,0.006519754857217368,0.00032598774286086844,49,2.25,0.11357412961272656,2,Wednesday,0,Middle
2025-08-14,Dinner,161940,100,75,1619.4,1.3333333333333333,0.06761763616154132,0.0049401012720760775,0.00030875632950475484,48,2.2,0.1811164628874892,3,Thursday,0,Middle
2025-08-15,Dinner,222210,129,101,1722.5581395348838,1.2772277227722773,0.06210341568786283,0.0013500742540839747,0.002475136132487287,48,2.0,0.26132937311552135,4,Friday,0,High
2025-08-16,Dinner,211230,127,94,1663.2283464566929,1.351063829787234,0.07129669081096435,0.0047341760166643,0.0,48,2.223404255319149,0.21232779434739382,5,Saturday,1,High
2025-08-17,Dinner,173910,112,84,1552.767857142857,1.3333333333333333,0.03358058766028405,0.002875050313380484,0.00028750503133804844,46,2.0714285714285716,0.0873440285204991,6,Sunday,1,Middle
2025-08-18,Dinner,143480,89,68,1612.1348314606741,1.3088235294117647,0.039657095065514354,0.008363534987454697,0.00034848062447727905,43,2.264705882352941,0.22518817953721773,0,Monday,0,Middle
2025-08-19,Dinner,180470,125,107,1443.76,1.1682242990654206,0.024214550894885577,0.004986978445170942,0.0,40,1.644859813084112,0.27179032526181635,1,Tuesday,0,Middle
2025-08-20,Dinner,150010,90,72,1666.7777777777778,1.25,0.07719485367642157,0.003333111125924938,0.00033331111259249385,42,2.0833333333333335,0.2595826944870342,2,Wednesday,0,Middle
2025-08-21,Dinner,122640,75,65,1635.2,1.1538461538461537,0.07721787345075017,0.005707762557077625,0.00040769732550554466,43,1.9846153846153847,0.21559034572733202,3,Thursday,0,Low
2025-08-22,Dinner,213520,128,96,1668.125,1.3333333333333333,0.06416260771824653,0.006088422630198576,0.0,45,2.2291666666666665,0.2740258523791682,4,Friday,0,High
2025-08-23,Dinner,221470,136,100,1628.4558823529412,1.36,0.04835869417979862,0.006772926355714092,0.0,52,2.29,0.21650787917099382,5,Saturday,1,High
2025-08-24,Dinner,201230,117,92,1719.91452991453,1.2717391304347827,0.054564428763106895,0.006460269343537246,0.0,51,2.3043478260869565,0.10078020175918104,6,Sunday,1,High
2025-08-25,Dinner,140050,85,64,1647.6470588235295,1.328125,0.04555515887183149,0.003570153516601214,0.0,43,2.28125,0.2052838272045698,0,Monday,0,Middle
2025-08-26,Dinner,122880,80,59,1536.0,1.3559322033898304,0.025634765625,0.0048828125,0.0,36,2.0338983050847457,0.1435546875,1,Tuesday,0,Low
2025-08-27,Dinner,162240,101,80,1606.3366336633662,1.2625,0.05454881656804734,0.008629191321499015,0.0,43,2.125,0.1834319526627219,2,Wednesday,0,Middle
2025-08-28,Dinner,127510,79,69,1614.0506329113923,1.144927536231884,0.05505450552897812,0.0015685044310250176,0.0,40,2.0434782608695654,0.19355344678848718,3,Thursday,0,Low
2025-08-29,Dinner,323410,203,165,1593.152709359606,1.2303030303030302,0.05438916545561362,0.003092050338579512,0.0,56,2.006060606060606,0.21189820970285397,4,Friday,0,High
2025-08-30,Dinner,186870,114,90,1639.2105263157894,1.2666666666666666,0.03221490876010061,0.005886445122277519,0.0,46,2.0444444444444443,0.19136297961149462,5,Saturday,1,Middle
2025-08-31,Dinner,195770,122,96,1604.672131147541,1.2708333333333333,0.03769729784951729,0.007662052408438474,0.007662052408438474,53,2.2083333333333335,0.2981559993870358,6,Sunday,1,Middle
2025-09-01,Dinner,139960,88,74,1590.4545454545455,1.1891891891891893,0.030508716776221776,0.003572449271220349,0.0,38,1.7297297297297298,0.19191197484995712,0,Monday,0,Middle
2025-09-02,Dinner,149300,92,77,1622.8260869565217,1.1948051948051948,0.016275954454119224,0.007367716008037508,0.0,40,1.9870129870129871,0.20509042196918956,1,Tuesday,0,Middle
2025-09-03,Dinner,150540,95,78,1584.6315789473683,1.2179487179487178,0.03925866879234755,0.0039856516540454365,0.0,38,1.8461538461538463,0.34203533944466585,2,Wednesday,0,Middle
2025-09-04,Dinner,114620,72,61,1591.9444444444443,1.180327868852459,0.06011167335543535,0.003489792357354737,0.002181120223346711,41,1.8524590163934427,0.230762519630082,3,Thursday,0,Low
2025-09-05,Dinner,146110,92,81,1588.1521739130435,1.1358024691358024,0.021011566627883102,0.00889740606392444,0.0,41,1.7901234567901234,0.2836219286838683,4,Friday,0,Middle
2025-09-06,Dinner,235070,142,108,1655.4225352112676,1.3148148148148149,0.04760284170672566,0.002339728591483388,0.0010635129961288126,48,2.0,0.22767686221125621,5,Saturday,1,High
2025-09-07,Dinner,193570,111,82,1743.873873873874,1.353658536585366,0.04659812987549724,0.002066435914656197,0.0,44,2.2439024390243905,0.21294622100532107,6,Sunday,1,Middle
2025-09-08,Dinner,119930,76,59,1578.0263157894738,1.2881355932203389,0.03985658300675394,0.0058367380972233806,0.0,40,1.9322033898305084,0.1927791211540065,0,Monday,0,Low
2025-09-09,Dinner,167740,112,93,1497.6785714285713,1.2043010752688172,0.039823536425420296,0.005961607249314415,0.0,37,1.8064516129032258,0.2567068081554787,1,Tuesday,0,Middle
2025-09-10,Dinner,147750,87,72,1698.2758620689656,1.2083333333333333,0.05543147208121827,0.004399323181049069,0.0,42,1.9027777777777777,0.23106598984771573,2,Wednesday,0,Middle
2025-09-11,Dinner,130070,76,63,1711.4473684210527,1.2063492063492063,0.04974244637502883,0.003075267163834858,0.0,37,1.9682539682539681,0.29015145690781885,3,Thursday,0,Low
2025-09-12,Dinner,166900,107,82,1559.8130841121495,1.3048780487804879,0.02857998801677651,0.004194128220491312,0.0,45,1.9878048780487805,0.20083882564409827,4,Friday,0,Middle
2025-09-13,Dinner,179580,110,79,1632.5454545454545,1.3924050632911393,0.043434680922151685,0.00835282325425994,0.0,46,2.3037974683544302,0.214556186657757,5,Saturday,1,Middle
2025-09-14,Dinner,220570,139,99,1586.8345323741007,1.404040404040404,0.07099786915718366,0.0027202248719227456,0.0,52,2.3434343434343434,0.18946366232941922,6,Sunday,1,High
2025-09-15,Dinner,148060,92,72,1609.3478260869565,1.2777777777777777,0.029244900715925976,0.0047278130487640145,0.0,41,2.0277777777777777,0.24429285424827774,0,Monday,0,Middle
2025-09-16,Dinner,122190,71,63,1720.9859154929577,1.126984126984127,0.04132907766593011,0.008183975775431705,0.0,46,1.9365079365079365,0.11981340535232016,1,Tuesday,0,Low
2025-09-17,Dinner,117890,72,58,1637.361111111111,1.2413793103448276,0.07269488506234625,0.00508949020273136,0.0,41,1.9310344827586208,0.24522860293493934,2,Wednesday,0,Low
2025-09-18,Dinner,92500,60,52,1541.6666666666667,1.1538461538461537,0.024756756756756756,0.003243243243243243,0.0,32,1.5769230769230769,0.26497297297297295,3,Thursday,0,Low
2025-09-19,Dinner,238510,154,123,1548.7662337662337,1.2520325203252032,0.03865666009810909,0.004611965955305857,0.0,48,1.8699186991869918,0.2831747096557796,4,Friday,0,High
2025-09-20,Dinner,222380,142,103,1566.056338028169,1.3786407766990292,0.0348052882453458,0.0022484036334202715,0.0,49,2.058252427184466,0.2499325478909974,5,Saturday,1,High
2025-09-21,Dinner,153910,97,79,1586.701030927835,1.2278481012658229,0.030407380936911182,0.004548112533298681,0.0,51,2.0632911392405062,0.2597621986875447,6,Sunday,1,Middle
2025-09-22,Dinner,191030,117,89,1632.7350427350427,1.3146067415730338,0.049573365439983245,0.004973040883630844,0.0,50,2.134831460674157,0.2294404020310946,0,Monday,0,Middle
2025-09-23,Dinner,200040,117,84,1709.7435897435898,1.3928571428571428,0.041191761647670466,0.0034993001399720057,0.002499500099980004,50,2.1785714285714284,0.20030993801239752,1,Tuesday,0,High
2025-09-24,Dinner,127550,75,63,1700.6666666666667,1.1904761904761905,0.06326930615444924,0.004704037632301058,0.0,50,2.2857142857142856,0.2955703645629165,2,Wednesday,0,Low
2025-09-25,Dinner,105130,67,59,1569.1044776119404,1.1355932203389831,0.03262627223437649,0.0038048130885570248,0.0,39,1.8305084745762712,0.15295348615999238,3,Thursday,0,Low
2025-09-26,Dinner,172420,111,90,1553.3333333333333,1.2333333333333334,0.06078181185477323,0.0057997912075165295,0.004349843405637397,52,2.111111111111111,0.1953949657812319,4,Friday,0,Middle
2025-09-27,Dinner,228940,143,104,1600.979020979021,1.375,0.05577880667423779,0.004367956669869835,0.0,54,2.4038461538461537,0.23897090940857868,5,Saturday,1,High
2025-04-01,Dinner,105250,69,64,1525.3623188405797,1.078125,0.024988123515439428,0.0028503562945368173,0.0,38,1.71875,0.15629453681710215,1,Tuesday,0,Low
2025-04-02,Dinner,142620,97,77,1470.3092783505156,1.2597402597402598,0.0342869162810265,0.004206983592763988,0.0,35,1.948051948051948,0.2749964941803394,2,Wednesday,0,Middle
2025-04-03,Dinner,150390,101,83,1489.009900990099,1.216867469879518,0.04248952722920407,0.0006649378283130527,0.0,40,1.9397590361445782,0.2660416251080524,3,Thursday,0,Middle
2025-04-04,Dinner,171980,114,97,1508.5964912280701,1.175257731958763,0.049133620188394,0.002325851843237586,0.0,40,1.865979381443299,0.17083381788580068,4,Friday,0,Middle
2025-04-05,Dinner,216800,143,106,1516.0839160839162,1.349056603773585,0.04035977859778598,0.0023062730627306273,0.0,42,2.188679245283019,0.19654059040590405,5,Saturday,1,High
2025-04-06,Dinner,206270,134,99,1539.3283582089553,1.3535353535353536,0.02884568769089058,0.007029621370048965,0.0,42,2.101010101010101,0.21151888301740437,6,Sunday,1,High
2025-04-07,Dinner,103670,70,60,1481.0,1.1666666666666667,0.033471592553294106,0.0028937976270859457,0.0,32,1.8666666666666667,0.2582232082569692,0,Monday,0,Low
2025-04-08,Dinner,126430,83,74,1523.2530120481927,1.1216216216216217,0.05505022542118168,0.004745709088032904,0.0,34,1.9594594594594594,0.2005853041208574,1,Tuesday,0,Low
2025-04-09,Dinner,164360,122,104,1347.2131147540983,1.1730769230769231,0.010951569724993915,0.004258943781942078,0.0,34,1.9038461538461537,0.22493307374056948,2,Wednesday,0,Middle
2025-04-10,Dinner,139300,85,75,1638.8235294117646,1.1333333333333333,0.10976310122038765,0.00574300071787509,0.0,38,2.026666666666667,0.3256281407035176,3,Thursday,0,Middle
2025-04-11,Dinner,132280,85,72,1556.235294117647,1.1805555555555556,0.050725733293014816,0.004535833081342607,0.0,36,2.125,0.1979135167825824,4,Friday,0,Low
2025-04-12,Dinner,220200,146,107,1508.2191780821918,1.3644859813084111,0.04046321525885559,0.004541326067211626,0.0,40,2.2336448598130842,0.25563124432334244,5,Saturday,1,High
2025-04-13,Dinner,164100,98,78,1674.4897959183672,1.2564102564102564,0.07263863497867154,0.007921998781230956,0.0,40,2.423076923076923,0.2562461913467398,6,Sunday,1,Middle
2025-04-14,Dinner,119650,82,72,1459.1463414634147,1.1388888888888888,0.011617216882574175,0.005014625992478061,0.0,33,1.8888888888888888,0.21328875888006688,0,Monday,0,Low
2025-04-15,Dinner,137150,91,75,1507.142857142857,1.2133333333333334,0.037550127597520966,0.005833029529711994,0.0,37,1.9466666666666668,0.2086766314254466,1,Tuesday,0,Middle
2025-04-16,Dinner,133490,90,68,1483.2222222222222,1.3235294117647058,0.030638999175968237,0.0007491197842535021,0.0,27,2.073529411764706,0.14135890328863585,2,Wednesday,0,Low
2025-04-17,Dinner,185610,118,95,1572.9661016949153,1.2421052631578948,0.06772264425408114,0.006465168902537579,0.0,46,2.2526315789473683,0.21178815796562686,3,Thursday,0,Middle
2025-04-18,Dinner,200940,134,108,1499.55223880597,1.2407407407407407,0.03642878471185428,0.005971931919976112,0.0012441524833283568,46,1.9722222222222223,0.1555190604160446,4,Friday,0,High
2025-04-19,Dinner,290410,204,157,1423.578431372549,1.2993630573248407,0.0456595847250439,0.00482077063462002,0.0,46,2.3248407643312103,0.20343652078096483,5,Saturday,1,High
2025-04-20,Dinner,195750,124,89,1578.6290322580646,1.3932584269662922,0.0172669220945083,0.006130268199233717,0.0,39,2.4831460674157304,0.2274329501915709,6,Sunday,1,Middle
2025-04-21,Dinner,153760,105,93,1464.3809523809523,1.1290322580645162,0.04077783558792924,0.001951092611862643,0.004877731529656607,42,2.10752688172043,0.2475936524453694,0,Monday,0,Middle
2025-04-22,Dinner,169730,105,92,1616.4761904761904,1.141304347826087,0.042361397513698225,0.005302539327166677,0.0,47,2.032608695652174,0.3714134213162081,1,Tuesday,0,Middle
2025-04-23,Dinner,169160,114,96,1483.859649122807,1.1875,0.016729723338850793,0.005911563017261764,0.0,38,1.9270833333333333,0.21955545046110192,2,Wednesday,0,Middle
2025-04-24,Dinner,187730,125,108,1501.84,1.1574074074074074,0.03355883449635114,0.0021307196505619772,0.0,40,1.9814814814814814,0.24220955627763277,3,Thursday,0,Middle
2025-04-25,Dinner,251750,155,118,1624.1935483870968,1.3135593220338984,0.08925521350546177,0.003972194637537239,0.0,47,2.5508474576271185,0.20671300893743794,4,Friday,0,High
2025-04-26,Dinner,231140,152,118,1520.657894736842,1.2881355932203389,0.04023535519598512,0.005191658734965822,0.0,47,2.288135593220339,0.2337976983646275,5,Saturday,1,High
2025-04-27,Dinner,246780,161,123,1532.7950310559006,1.3089430894308942,0.043682632304076506,0.003849582624199692,0.0,47,2.268292682926829,0.1514709457816679,6,Sunday,1,High
2025-04-28,Dinner,163360,103,88,1586.0194174757282,1.1704545454545454,0.0847820763956905,0.005509304603330069,0.0,44,2.2954545454545454,0.2833006856023506,0,Monday,0,Middle
2025-04-29,Dinner,255030,189,145,1349.3650793650793,1.303448275862069,0.027526173391365722,0.005489550248990315,0.0,38,2.0965517241379312,0.26894875112731836,1,Tuesday,0,High
2025-04-30,Dinner,249290,162,130,1538.8271604938273,1.2461538461538462,0.04448634120903366,0.003810822736571864,0.001002848088571543,55,2.5,0.20285611135625176,2,Wednesday,0,High
2025-05-01,Dinner,180700,107,88,1688.785046728972,1.2159090909090908,0.0701715550636414,0.005534034311012728,0.002767017155506364,42,1.9204545454545454,0.2655229662423907,3,Thursday,0,Middle
2025-05-02,Dinner,144820,90,69,1609.111111111111,1.3043478260869565,0.03321364452423698,0.008286148322054964,0.0,35,2.072463768115942,0.23097638447728214,4,Friday,0,Middle
2025-05-03,Dinner,247520,156,110,1586.6666666666667,1.4181818181818182,0.03991596638655462,0.006262120232708468,0.0,47,2.190909090909091,0.2815530058177117,5,Saturday,1,High
2025-05-04,Dinner,242110,153,98,1582.4183006535948,1.5612244897959184,0.04010573706166618,0.006402048655569782,0.0,48,2.5918367346938775,0.30135062574862664,6,Sunday,1,High
2025-05-05,Dinner,235610,141,104,1670.9929078014184,1.3557692307692308,0.051822927719536525,0.004668732226985273,0.0010610755061330164,44,2.3653846153846154,0.2650142184117822,0,Monday,0,High
2025-05-06,Dinner,130450,82,61,1590.8536585365853,1.3442622950819672,0.06393254120352626,0.0022997316979685703,0.0,35,2.2295081967213113,0.11950939057110004,1,Tuesday,0,Low
2025-05-07,Dinner,113360,67,52,1691.9402985074628,1.2884615384615385,0.04366619618913197,0.0004410726887791108,0.0,40,2.2115384615384617,0.23429781227946367,2,Wednesday,0,Low
2025-05-08,Dinner,121190,77,66,1573.8961038961038,1.1666666666666667,0.05058173116593778,0.006601204719861375,0.0,38,1.9393939393939394,0.24127403251093324,3,Thursday,0,Low
2025-05-09,Dinner,225990,157,122,1439.4267515923566,1.2868852459016393,0.031240320368157885,0.0017699898225585202,0.0,40,1.8524590163934427,0.21700075224567458,4,Friday,0,High
2025-05-10,Dinner,236150,146,109,1617.4657534246576,1.3394495412844036,0.047512174465382175,0.004446326487402075,0.0,51,2.1376146788990824,0.14766038534829556,5,Saturday,1,High
2025-05-11,Dinner,264750,163,117,1624.2331288343557,1.393162393162393,0.034787535410764875,0.002644003777148253,0.0,46,2.111111111111111,0.14421152030217185,6,Sunday,1,High
2025-05-12,Dinner,139960,88,77,1590.4545454545455,1.1428571428571428,0.04129751357530723,0.004286939125464418,0.0,34,1.7402597402597402,0.26078879679908545,0,Monday,0,Middle
2025-05-13,Dinner,142260,88,68,1616.590909090909,1.2941176470588236,0.029312526360185574,0.008435259384226065,0.0035146914100941938,40,2.161764705882353,0.2906649796147898,1,Tuesday,0,Middle
2025-05-14,Dinner,150790,89,70,1694.2696629213483,1.2714285714285714,0.08654420054380264,0.0026526958021088932,0.0,43,2.157142857142857,0.21254725114397507,2,Wednesday,0,Middle
2025-05-15,Dinner,156420,99,77,1580.0,1.2857142857142858,0.05670630354174658,0.0035161744022503515,0.0,38,1.9870129870129871,0.2679324894514768,3,Thursday,0,Middle
2025-05-16,Dinner,238800,141,112,1693.6170212765958,1.2589285714285714,0.05485762144053601,0.0016750418760469012,0.0,45,1.9821428571428572,0.21478224455611392,4,Friday,0,High
2025-05-17,Dinner,239530,153,107,1565.5555555555557,1.4299065420560748,0.057487579843860895,0.003966100279714441,0.0010437105999248528,42,2.121495327102804,0.17680457562727006,5,Saturday,1,High
2025-05-18,Dinner,174100,111,91,1568.4684684684685,1.2197802197802199,0.030269959793222286,0.0034462952326249283,0.0,34,1.6153846153846154,0.2016082711085583,6,Sunday,1,Middle
2025-05-19,Dinner,196250,134,111,1464.55223880597,1.2072072072072073,0.04871337579617834,0.002038216560509554,0.0,34,1.7207207207207207,0.24387261146496816,0,Monday,0,Middle
2025-05-20,Dinner,144870,88,71,1646.25,1.2394366197183098,0.060744115413819286,0.0048319182715538065,0.0,32,1.971830985915493,0.22661696693587355,1,Tuesday,0,Middle
2025-05-21,Dinner,139700,87,75,1605.7471264367816,1.16,0.024838940586972082,0.004294917680744453,0.0,34,1.8533333333333333,0.2906943450250537,2,Wednesday,0,Middle
2025-05-22,Dinner,151950,94,78,1616.4893617021276,1.205128205128205,0.04777887462981244,0.004606778545574202,0.0,34,1.7435897435897436,0.3327410332346166,3,Thursday,0,Middle
2025-05-23,Dinner,191050,112,93,1705.8035714285713,1.2043010752688172,0.06286312483643025,0.005234231876472127,0.0,49,2.032258064516129,0.26474744831196023,4,Friday,0,Middle
2025-05-24,Dinner,227770,133,107,1712.5563909774437,1.2429906542056075,0.0557580014927339,0.004170874127409229,0.0,51,2.205607476635514,0.24243754664793432,5,Saturday,1,High
2025-05-25,Dinner,233320,144,109,1620.2777777777778,1.3211009174311927,0.028415909480541745,0.003000171438367907,0.0,44,1.9908256880733946,0.1750814332247557,6,Sunday,1,High
2025-05-26,Dinner,132930,82,64,1621.0975609756097,1.28125,0.015722560746257427,0.007522756337922215,0.0,37,1.875,0.23012111637704055,0,Monday,0,Low
2025-05-27,Dinner,138670,88,70,1575.7954545454545,1.2571428571428571,0.04954207831542511,0.0028845460445662365,0.0,34,1.9428571428571428,0.3130453594865508,1,Tuesday,0,Middle
2025-05-28,Dinner,158930,101,81,1573.5643564356435,1.2469135802469136,0.040332221732838354,0.004089850877744919,0.0,38,1.9382716049382716,0.16107720380041526,2,Wednesday,0,Middle
2025-05-29,Dinner,193180,136,112,1420.4411764705883,1.2142857142857142,0.041308624081167825,0.002070607723366808,0.0,36,1.8303571428571428,0.2710425509887152,3,Thursday,0,Middle
2025-05-30,Dinner,202900,125,104,1623.2,1.2019230769230769,0.0629866929521932,0.004435682602267127,0.0,52,1.9423076923076923,0.24790537210448496,4,Friday,0,High
2025-05-31,Dinner,194760,120,92,1623.0,1.3043478260869565,0.03968987471760115,0.004107619634421853,0.0,39,2.0434782608695654,0.2712055863627028,5,Saturday,1,Middle
2025-06-01,Dinner,245520,150,107,1636.8,1.4018691588785046,0.026881720430107527,0.0036656891495601175,0.0,41,2.1121495327102804,0.25949006190941676,6,Sunday,1,High
2025-06-02,Dinner,143860,89,80,1616.4044943820224,1.1125,0.027248714027526762,0.006256082302238287,0.0,36,1.7,0.19678854441818436,0,Monday,0,Middle
2025-06-03,Dinner,105100,65,55,1616.923076923077,1.1818181818181819,0.023691722169362512,0.0019029495718363464,0.0,36,1.8181818181818181,0.12683158896289248,1,Tuesday,0,Low
2025-06-04,Dinner,149250,97,82,1538.659793814433,1.1829268292682926,0.0352428810720268,0.006700167504187605,0.0,41,1.8780487804878048,0.15671691792294806,2,Wednesday,0,Middle
2025-06-05,Dinner,142080,86,67,1652.093023255814,1.2835820895522387,0.04603040540540541,0.004926801801801802,0.0,35,2.1343283582089554,0.18151745495495494,3,Thursday,0,Middle
2025-06-06,Dinner,219450,124,106,1769.758064516129,1.169811320754717,0.05035315561631351,0.003417634996582365,0.0,43,1.9150943396226414,0.14914559125085441,4,Friday,0,High
2025-06-07,Dinner,213540,132,104,1617.7272727272727,1.2692307692307692,0.044862789172988665,0.0028097780275358245,0.0,42,2.0096153846153846,0.20590989978458368,5,Saturday,1,High
2025-06-08,Dinner,221480,134,104,1652.8358208955224,1.2884615384615385,0.028806212750586962,0.0027090482210583348,0.0,43,1.9615384615384615,0.20223044970200468,6,Sunday,1,High
2025-06-09,Dinner,140880,96,85,1467.5,1.1294117647058823,0.04287336740488359,0.0035491198182850655,0.0,38,1.7411764705882353,0.2392816581487791,0,Monday,0,Middle
2025-06-10,Dinner,123060,76,65,1619.2105263157894,1.1692307692307693,0.02340321794246709,0.005688282138794084,0.004063058670567203,39,1.8,0.26808061108402403,1,Tuesday,0,Low
2025-06-11,Dinner,140220,85,71,1649.6470588235295,1.1971830985915493,0.04749679075738126,0.004278990158322636,0.0,33,1.8591549295774648,0.13628583654257595,2,Wednesday,0,Middle
2025-06-12,Dinner,178540,105,89,1700.3809523809523,1.1797752808988764,0.05892237033717934,0.0033605914640976813,0.0,46,1.9550561797752808,0.2633583510697883,3,Thursday,0,Middle
2025-06-13,Dinner,207190,131,101,1581.6030534351146,1.297029702970297,0.03643998262464405,0.0004826487764853516,0.0,38,1.9207920792079207,0.17385008929002366,4,Friday,0,High
2025-06-14,Dinner,228860,140,100,1634.7142857142858,1.4,0.03312068513501704,0.003932535174342393,0.0,42,2.09,0.24407934982085117,5,Saturday,1,High
2025-06-15,Dinner,213890,133,96,1608.1954887218046,1.3854166666666667,0.036981626069474964,0.005610360465659919,0.0,44,2.1354166666666665,0.1803263359670859,6,Sunday,1,High
2025-06-16,Dinner,96020,61,52,1574.0983606557377,1.1730769230769231,0.05384294938554468,0.009373047281816288,0.0,33,2.1346153846153846,0.23588835659237659,0,Monday,0,Low
2025-06-17,Dinner,137580,85,67,1618.5882352941176,1.2686567164179106,0.06025585114115424,0.002180549498473615,0.0018171245820613462,39,2.417910447761194,0.25439744148858845,1,Tuesday,0,Middle
2025-06-18,Dinner,135880,85,73,1598.5882352941176,1.1643835616438356,0.04194877833382396,0.002207830438622314,0.0,34,2.0684931506849313,0.1872976155431263,2,Wednesday,0,Middle
2025-06-19,Dinner,176410,127,101,1389.0551181102362,1.2574257425742574,0.023241312850745422,0.0028343064452128566,0.0028343064452128566,40,1.9405940594059405,0.16132872286151578,3,Thursday,0,Middle
2025-06-20,Dinner,167110,103,85,1622.4271844660195,1.2117647058823529,0.04853090778529113,0.0053856741068757106,0.0,39,2.1176470588235294,0.23714918317276046,4,Friday,0,Middle
2025-06-21,Dinner,208650,134,92,1557.089552238806,1.4565217391304348,0.05065899832254973,0.003834172058471124,0.0011981787682722263,41,2.5543478260869565,0.274718427989456,5,Saturday,1,High
2025-06-22,Dinner,240780,158,115,1523.9240506329113,1.373913043478261,0.04070105490489243,0.003322535094276933,0.0,43,2.4,0.26592740260819003,6,Sunday,1,High
2025-06-23,Dinner,124380,80,71,1554.75,1.1267605633802817,0.0423701559736292,0.00482392667631452,0.0,32,1.9295774647887325,0.2647531757517286,0,Monday,0,Low
2025-01-03,Dinner,223010,143,107,1559.5104895104896,1.3364485981308412,0.06479530065916327,0.003587283081476167,0.0011210259629613022,40,2.102803738317757,0.22537105959374018,4,Friday,0,High
2025-01-04,Dinner,189260,129,96,1467.1317829457364,1.34375,0.04829335305928353,0.005812110324421431,0.0,44,2.09375,0.27264081158195075,5,Saturday,1,Middle
2025-01-05,Dinner,175830,104,83,1690.673076923077,1.2530120481927711,0.08889268042996076,0.006256042768583291,0.0028436558039014958,44,2.3493975903614457,0.16737758061764205,6,Sunday,1,Middle
2025-01-06,Dinner,92370,58,49,1592.5862068965516,1.183673469387755,0.06917830464436506,0.004330410306376529,0.0,33,1.9387755102040816,0.27227454801342427,0,Monday,0,Low
2025-01-07,Dinner,99180,65,56,1525.8461538461538,1.1607142857142858,0.05837870538415003,0.004033071183706392,0.0,31,1.6964285714285714,0.23744706594071385,1,Tuesday,0,Low
2025-01-08,Dinner,113950,75,62,1519.3333333333333,1.2096774193548387,0.06713470820535322,0.005265467310223783,0.0,37,2.0,0.31566476524791576,2,Wednesday,0,Low
2025-01-09,Dinner,161580,114,96,1417.3684210526317,1.1875,0.053162520113875476,0.005569996286669142,0.0,42,1.75,0.13349424433717044,3,Thursday,0,Middle
2025-01-10,Dinner,171800,112,88,1533.9285714285713,1.2727272727272727,0.06222351571594878,0.008731082654249126,0.0,46,2.272727272727273,0.10564610011641444,4,Friday,0,Middle
2025-01-11,Dinner,196710,125,101,1573.68,1.2376237623762376,0.07000152508769254,0.0096588887194347,0.0,40,2.1683168316831685,0.1994814701845356,5,Saturday,1,High
2025-01-12,Dinner,186020,117,89,1589.91452991453,1.3146067415730338,0.06805719815073648,0.0021503064186646596,0.0,46,2.202247191011236,0.22239544135039244,6,Sunday,1,Middle
2025-01-13,Dinner,169090,107,79,1580.2803738317757,1.3544303797468353,0.05908096280087528,0.006505411319415696,0.0,42,2.2531645569620253,0.3123188834348572,0,Monday,0,Middle
2025-01-14,Dinner,82020,56,49,1464.642857142857,1.1428571428571428,0.024993903925871738,0.00121921482565228,0.0,26,1.7959183673469388,0.26627651792245793,1,Tuesday,0,Low
2025-01-15,Dinner,115330,78,58,1478.5897435897436,1.3448275862068966,0.04864302436486603,0.005202462498916154,0.0,36,2.103448275862069,0.20757825370675453,2,Wednesday,0,Low
2025-01-16,Dinner,115780,74,60,1564.5945945945946,1.2333333333333334,0.02927966833650026,0.006045949214026602,0.004318535152876144,41,2.1166666666666667,0.25971670409397135,3,Thursday,0,Low
2025-01-17,Dinner,158170,98,83,1613.9795918367347,1.180722891566265,0.045647088575583236,0.0075867737244736675,0.0,39,2.0,0.25055320225074285,4,Friday,0,Middle
2025-01-18,Dinner,185860,121,95,1536.0330578512396,1.2736842105263158,0.044657268912084366,0.0053803938448294415,0.0,42,2.0736842105263156,0.2438394490476703,5,Saturday,1,Middle
2025-01-19,Dinner,244860,164,133,1493.0487804878048,1.2330827067669172,0.05129461733235318,0.007759536061422854,0.0,44,2.0150375939849625,0.2048925916850445,6,Sunday,1,High
2025-01-20,Dinner,112170,69,57,1625.6521739130435,1.2105263157894737,0.03566015868770616,0.009806543639119194,0.0,34,2.210526315789474,0.21199964339841312,0,Monday,0,Low
2025-01-21,Dinner,130320,81,63,1608.888888888889,1.2857142857142858,0.053713934929404544,0.008440761203192142,0.0,38,2.253968253968254,0.2504604051565378,1,Tuesday,0,Low
2025-01-22,Dinner,150990,84,69,1797.5,1.2173913043478262,0.12179614544009537,0.0033114775812967748,0.008278693953241937,44,2.3768115942028984,0.19564209550301345,2,Wednesday,0,Middle
2025-01-23,Dinner,123590,77,66,1605.064935064935,1.1666666666666667,0.04102273646735173,0.010518650376244033,0.004045634760093859,37,1.9242424242424243,0.21263856299053321,3,Thursday,0,Low
2025-01-24,Dinner,206880,129,97,1603.7209302325582,1.3298969072164948,0.06680201082753287,0.004833720030935808,0.0,42,2.2371134020618557,0.20668986852281515,4,Friday,0,High
2025-01-25,Dinner,230410,133,95,1732.406015037594,1.4,0.06944143049346817,0.005642116227594289,0.0,43,2.5052631578947366,0.2485569202725576,5,Saturday,1,High
2025-01-26,Dinner,178020,123,97,1447.3170731707316,1.268041237113402,0.04420851589709021,0.003932142455903831,0.0014043365913942254,41,1.8453608247422681,0.24317492416582406,6,Sunday,1,Middle
2025-01-27,Dinner,146790,93,72,1578.3870967741937,1.2916666666666667,0.02656856734109953,0.009537434430138292,0.0034062265821922476,47,2.4444444444444446,0.1874787110838613,0,Monday,0,Middle
2025-01-28,Dinner,121730,87,73,1399.1954022988505,1.1917808219178083,0.03680276020701553,0.0016429803663846217,0.0,28,1.643835616438356,0.3329499712478436,1,Tuesday,0,Low
2025-01-29,Dinner,205240,144,125,1425.2777777777778,1.152,0.054813876437341646,0.005359579029428962,0.0,41,1.896,0.2405476515299162,2,Wednesday,0,High
2025-01-30,Dinner,135780,84,65,1616.4285714285713,1.2923076923076924,0.03417292679334217,0.009574311386065695,0.0,43,2.2615384615384615,0.16084843128590368,3,Thursday,0,Middle
2025-01-31,Dinner,195030,117,92,1666.923076923077,1.2717391304347827,0.09511357227093267,0.007691124442393478,0.0,47,2.532608695652174,0.2051479259601087,4,Friday,0,Middle
2025-02-01,Dinner,196270,118,85,1663.3050847457628,1.388235294117647,0.08473021857645081,0.0020380088653385643,0.0,46,2.388235294117647,0.16574107097365873,5,Saturday,1,Middle
2025-02-02,Dinner,131310,83,67,1582.0481927710844,1.2388059701492538,0.04866346812885538,0.006854009595613434,0.0,41,2.1343283582089554,0.29342776635442847,6,Sunday,1,Low
2025-02-03,Dinner,119510,76,61,1572.5,1.2459016393442623,0.08434440632583047,0.0,0.0,33,2.19672131147541,0.10241820768136557,0,Monday,0,Low
2025-02-04,Dinner,126380,81,65,1560.2469135802469,1.2461538461538462,0.028643772748852665,0.01582528881152081,0.0,38,2.169230769230769,0.2907105554676373,1,Tuesday,0,Low
2025-02-05,Dinner,114620,70,56,1637.4285714285713,1.25,0.04248822195079393,0.008724480893386843,0.0,37,2.1964285714285716,0.13671261559937184,2,Wednesday,0,Low
2025-02-06,Dinner,124470,89,65,1398.5393258426966,1.3692307692307693,0.04137543183096328,0.0072306579898770785,0.0,36,1.9846153846153847,0.24118261428456655,3,Thursday,0,Low
2025-02-07,Dinner,149800,97,89,1544.3298969072166,1.0898876404494382,0.03551401869158879,0.006675567423230975,0.0,39,1.8089887640449438,0.2007343124165554,4,Friday,0,Middle
2025-02-08,Dinner,196450,126,93,1559.126984126984,1.3548387096774193,0.0371086790531942,0.007126495291422754,0.0,39,2.10752688172043,0.18824128276915245,5,Saturday,1,Middle
2025-02-09,Dinner,202530,143,110,1416.2937062937062,1.3,0.04419098405174542,0.005925048141016145,0.0012343850293783636,44,2.081818181818182,0.2566039599071743,6,Sunday,1,High
2025-02-10,Dinner,140050,87,67,1609.7701149425288,1.2985074626865671,0.04055694394858979,0.009996429846483398,0.0,37,2.253731343283582,0.279471617279543,0,Monday,0,Middle
2025-02-11,Dinner,184000,114,83,1614.0350877192982,1.3734939759036144,0.05385869565217391,0.010869565217391304,0.0,44,2.4457831325301207,0.09,1,Tuesday,0,Middle
2025-02-12,Dinner,96220,58,45,1658.9655172413793,1.288888888888889,0.08553315319060487,0.006235709831635835,0.0,30,2.4,0.16638952400748286,2,Wednesday,0,Low
2025-02-13,Dinner,86400,59,48,1464.406779661017,1.2291666666666667,0.03009259259259259,0.005787037037037037,0.0,30,1.9375,0.22175925925925927,3,Thursday,0,Low
2025-02-14,Dinner,184970,109,88,1696.9724770642201,1.2386363636363635,0.0667135211115316,0.0048656538898199705,0.0,46,2.1363636363636362,0.26382656647023844,4,Friday,0,Middle
2025-02-15,Dinner,213910,133,104,1608.345864661654,1.2788461538461537,0.03730540881679211,0.010284699172549204,0.0,44,2.269230769230769,0.2324809499322145,5,Saturday,1,High
2025-02-16,Dinner,168870,106,87,1593.1132075471698,1.2183908045977012,0.07283709362231303,0.0017765144785930006,0.004441286196482501,47,2.045977011494253,0.24498134659797477,6,Sunday,1,Middle
2025-02-17,Dinner,101050,74,56,1365.5405405405406,1.3214285714285714,0.026026719445818903,0.0019792182088075212,0.0,32,1.875,0.2016823354774864,0,Monday,0,Low
2025-02-18,Dinner,105200,65,55,1618.4615384615386,1.1818181818181819,0.05180608365019011,0.0019011406844106464,0.0,36,2.090909090909091,0.14030418250950571,1,Tuesday,0,Low
2025-02-19,Dinner,176800,126,112,1403.1746031746031,1.125,0.051923076923076926,0.003959276018099547,0.0,40,1.7053571428571428,0.21119909502262443,2,Wednesday,0,Middle
2025-02-20,Dinner,140420,93,78,1509.8924731182797,1.1923076923076923,0.02834354080615297,0.009257940464321322,0.0,40,2.0641025641025643,0.2505341119498647,3,Thursday,0,Middle
2025-02-21,Dinner,134140,88,69,1524.3181818181818,1.2753623188405796,0.03854182197703891,0.007454897867899209,0.0,40,1.9855072463768115,0.1897271507380349,4,Friday,0,Middle
2025-02-22,Dinner,179200,114,85,1571.9298245614036,1.3411764705882352,0.04827008928571429,0.005580357142857143,0.0,43,2.223529411764706,0.20005580357142858,5,Saturday,1,Middle
2025-02-23,Dinner,234150,150,104,1561.0,1.4423076923076923,0.02904121289771514,0.011103993166773437,0.0,40,2.3076923076923075,0.22225069399957292,6,Sunday,1,High
2025-02-24,Dinner,160020,110,84,1454.7272727272727,1.3095238095238095,0.03999500062492189,0.006249218847644044,0.0,40,2.0,0.3105236845394326,0,Monday,0,Middle
2025-02-25,Dinner,104290,70,56,1489.857142857143,1.25,0.05273755873046313,0.008629782337712149,0.0,37,2.1964285714285716,0.17969124556525073,1,Tuesday,0,Low
2025-02-26,Dinner,157410,99,76,1590.0,1.3026315789473684,0.09097261927450606,0.005717552887364208,0.0,41,2.1578947368421053,0.24013722126929674,2,Wednesday,0,Middle
2025-02-27,Dinner,119290,79,65,1510.0,1.2153846153846153,0.03545980383938302,0.0058680526448151565,0.0,44,2.046153846153846,0.34034705339927906,3,Thursday,0,Low
2025-02-28,Dinner,186210,129,101,1443.4883720930231,1.2772277227722773,0.08490414048654744,0.005907308952258203,0.0,43,2.118811881188119,0.12072391386069492,4,Friday,0,Middle
2025-03-01,Dinner,204900,131,97,1564.1221374045801,1.3505154639175259,0.04109321620302587,0.004880429477794046,0.0,46,2.195876288659794,0.22918496827720838,5,Saturday,1,High
2025-03-02,Dinner,139930,91,67,1537.6923076923076,1.3582089552238805,0.06717644536553992,0.006431787322232545,0.0017866075895090403,41,2.283582089552239,0.2595583506038734,6,Sunday,1,Middle
2025-03-03,Dinner,79490,48,39,1656.0416666666667,1.2307692307692308,0.021889545854824506,0.007548119260284312,0.0,29,2.3333333333333335,0.2566360548496666,0,Monday,0,Low
2025-03-04,Dinner,67980,42,36,1618.5714285714287,1.1666666666666667,0.05001471020888497,0.011768167107972934,0.0,32,2.1944444444444446,0.1918211238599588,1,Tuesday,0,Low
2025-03-05,Dinner,90550,60,55,1509.1666666666667,1.0909090909090908,0.049033683048039754,0.004417448923246825,0.0,30,1.7454545454545454,0.1304251794588625,2,Wednesday,0,Low
2025-03-06,Dinner,122480,82,69,1493.658536585366,1.1884057971014492,0.031352057478772045,0.005715218811234487,0.0,32,1.7826086956521738,0.3255225342913129,3,Thursday,0,Low
2025-03-07,Dinner,134500,84,67,1601.1904761904761,1.2537313432835822,0.05828996282527881,0.006691449814126394,0.0,36,2.1044776119402986,0.2554646840148699,4,Friday,0,Middle
2025-03-08,Dinner,145580,88,66,1654.3181818181818,1.3333333333333333,0.0546091496084627,0.004808352795713697,0.0,38,2.1666666666666665,0.15634015661491962,5,Saturday,1,Middle
2025-03-09,Dinner,236890,164,121,1444.4512195121952,1.3553719008264462,0.04546413947401748,0.007598463421841361,0.0,44,2.165289256198347,0.17299168390392164,6,Sunday,1,High
2025-03-10,Dinner,151330,95,65,1592.9473684210527,1.4615384615384615,0.0875569946474592,0.005947267560959492,0.0,40,2.5846153846153848,0.17048833674750546,0,Monday,0,Middle
2025-03-11,Dinner,135650,89,70,1524.1573033707866,1.2714285714285714,0.03833394765941762,0.006634721710283818,0.0,35,1.9428571428571428,0.3608551419093255,1,Tuesday,0,Middle
2025-03-12,Dinner,94020,61,52,1541.311475409836,1.1730769230769231,0.052222931291214636,0.005318017443097213,0.0,27,1.7307692307692308,0.2617528185492448,2,Wednesday,0,Low
2025-03-13,Dinner,141320,90,67,1570.2222222222222,1.3432835820895523,0.06510048117746957,0.0007076139258420605,0.0,34,2.014925373134328,0.2209878290404755,3,Thursday,0,Middle
2025-03-14,Dinner,174060,103,82,1689.9029126213593,1.2560975609756098,0.08571756865448696,0.004596116281741928,0.0,48,2.292682926829268,0.3015052280822705,4,Friday,0,Middle
2025-03-15,Dinner,174370,106,77,1645.0,1.3766233766233766,0.06119171875896083,0.00458794517405517,0.0,48,2.5064935064935066,0.3235648334002409,5,Saturday,1,Middle
2025-03-16,Dinner,128620,79,60,1628.1012658227849,1.3166666666666667,0.051935935313326076,0.0031099362463069507,0.0,41,2.216666666666667,0.1650598662727414,6,Sunday,1,Low
2025-03-17,Dinner,130390,82,68,1590.121951219512,1.2058823529411764,0.059667152388986885,0.0023007899378786716,0.0,37,1.9705882352941178,0.18889485389983895,0,Monday,0,Low
2025-03-18,Dinner,96630,65,54,1486.6153846153845,1.2037037037037037,0.0297009210390148,0.01034875297526648,0.00258718824381662,31,1.9074074074074074,0.2961813101521267,1,Tuesday,0,Low
2025-03-19,Dinner,180900,130,100,1391.5384615384614,1.3,0.03620784964068546,0.006080707573244887,0.0,43,2.13,0.1703150912106136,2,Wednesday,0,Middle
2025-03-20,Dinner,159390,101,79,1578.118811881188,1.2784810126582278,0.03864734299516908,0.003764351590438547,0.0,35,2.1139240506329116,0.24807076980990025,3,Thursday,0,Middle
2025-03-21,Dinner,141600,90,67,1573.3333333333333,1.3432835820895523,0.021822033898305084,0.0049435028248587575,0.0,40,2.1492537313432836,0.25557909604519774,4,Friday,0,Middle
2025-03-22,Dinner,189010,122,88,1549.2622950819673,1.3863636363636365,0.0737527114967462,0.00370350775091265,0.0013226813396116607,47,2.534090909090909,0.1927411248082112,5,Saturday,1,Middle
2025-03-23,Dinner,164110,104,77,1577.9807692307693,1.3506493506493507,0.0479556395100847,0.0030467369447321918,0.0,40,2.3506493506493507,0.2818841021266224,6,Sunday,1,Middle
2025-03-24,Dinner,106940,71,61,1506.1971830985915,1.1639344262295082,0.04535253413128857,0.0018702075930428278,0.0,41,2.0655737704918034,0.31615859360389004,0,Monday,0,Low
2025-03-25,Dinner,139070,95,71,1463.8947368421052,1.3380281690140845,0.0325735241245416,0.009347810455166463,0.0,44,2.0985915492957745,0.22197454519306825,1,Tuesday,0,Middle
2025-03-26,Dinner,144100,92,73,1566.304347826087,1.2602739726027397,0.0626648160999306,0.005551700208188758,0.005204718945176961,48,2.547945205479452,0.21866759195003468,2,Wednesday,0,Middle
2025-03-27,Dinner,112830,75,63,1504.4,1.1904761904761905,0.05025259239563946,0.00709031286005495,0.0,34,2.0317460317460316,0.2583532748382522,3,Thursday,0,Low
2025-03-28,Dinner,138640,96,73,1444.1666666666667,1.3150684931506849,0.050129832660126945,0.005049047893825736,0.0,39,2.3424657534246576,0.20253894979803808,4,Friday,0,Middle
2025-03-29,Dinner,212660,151,126,1408.3443708609273,1.1984126984126984,0.04744662842095364,0.005172575942819524,0.0011755854415498917,47,2.0873015873015874,0.1827800244521772,5,Saturday,1,High
2025-03-30,Dinner,187120,125,96,1496.96,1.3020833333333333,0.03986746472851646,0.0037409149209063704,0.0,43,2.1145833333333335,0.21376656690893545,6,Sunday,1,Middle
2025-03-31,Dinner,159010,102,81,1558.921568627451,1.2592592592592593,0.0699955977611471,0.0062889126470033335,0.0,39,2.4444444444444446,0.1813093516131061,0,Monday,0,Middle
